Food,Beverage,Pairing Notes,Cuisine
Roasted Chicken,Prosecco,Brings out the umami flavors.,Mediterranean
Pumpkin Pie,Gin and Tonic,Complements the spices beautifully.,Indian
Caesar Salad,Red Wine,Cuts through the richness of the dish.,Chinese
Indian Curry,Margarita,"A light, clean pairing.",American
Grilled Steak,White Wine,A refreshing match.,Italian
Cheeseburger,Port Wine,Complements the spices beautifully.,Italian
Vegetable Stir Fry,Chianti,Perfect for the dessert's sweetness.,Mexican
Pad Thai,IPA Beer,Perfect for the dessert's sweetness.,Indian
Spring Rolls,Green Tea,Complements the spices beautifully.,Chinese
Spring Rolls,Prosecco,Complements the spices beautifully.,Thai
Spaghetti Bolognese,Iced Tea,A refreshing match.,Italian
Indian Curry,White Wine,A refreshing match.,Chinese
Vegetable Stir Fry,Chardonnay,Balances the sweetness and acidity.,Italian
Grilled Steak,Riesling,Enhances the richness of the dish.,Japanese
Fish and Chips,Pale Ale,Pairs wonderfully with the savory elements.,Japanese
Margherita Pizza,Prosecco,Complements the spices beautifully.,French
Cheeseburger,Iced Tea,Perfect for the dessert's sweetness.,French
Eggs Benedict,Riesling,"A light, clean pairing.",Indian
Caesar Salad,Espresso,Perfect for the dessert's sweetness.,Italian
Fish and Chips,Port Wine,Balances the sweetness and acidity.,Mediterranean
BBQ Ribs,Espresso,Cuts through the richness of the dish.,French
Sushi,Pale Ale,Cuts through the richness of the dish.,Chinese
Grilled Steak,Gin and Tonic,Pairs wonderfully with the savory elements.,Indian
Chocolate Cake,Sake,Pairs wonderfully with the savory elements.,Chinese
Indian Curry,Chianti,Brings out the umami flavors.,Spanish
Sushi,Mango Lassi,Enhances the richness of the dish.,Mexican
Chocolate Cake,Hot Chocolate,Perfect for the dessert's sweetness.,American
Eggs Benedict,Sparkling Water,Brings out the umami flavors.,Italian
Vegetable Stir Fry,Red Wine,Enhances the richness of the dish.,Chinese
Cheeseburger,Sake,Complements the spices beautifully.,Mexican
Spaghetti Bolognese,IPA Beer,Complements the spices beautifully.,French
Sushi,Red Wine,Enhances the richness of the dish.,Thai
Roasted Chicken,Iced Tea,Complements the spices beautifully.,Indian
Spaghetti Bolognese,Sparkling Water,Complements the spices beautifully.,American
Spring Rolls,Mango Lassi,Perfect for the dessert's sweetness.,Indian
Eggs Benedict,White Wine,Cuts through the richness of the dish.,Spanish
Margherita Pizza,Port Wine,Balances the sweetness and acidity.,Italian
Grilled Steak,Pale Ale,Perfect for the dessert's sweetness.,Chinese
Vegetable Stir Fry,Sake,Cuts through the richness of the dish.,Thai
Caesar Salad,IPA Beer,Enhances the richness of the dish.,American
Chili Con Carne,IPA Beer,Pairs wonderfully with the savory elements.,Japanese
Chocolate Cake,Port Wine,Pairs wonderfully with the savory elements.,Thai
Margherita Pizza,Lager Beer,Pairs wonderfully with the savory elements.,Indian
Indian Curry,Mango Lassi,Complements the spices beautifully.,Thai
Pad Thai,Pale Ale,Balances the sweetness and acidity.,American
BBQ Ribs,Sake,Complements the spices beautifully.,Indian
Eggs Benedict,Chardonnay,Perfect for the dessert's sweetness.,Japanese
Chili Con Carne,Iced Tea,"A light, clean pairing.",Mediterranean
Vegetable Stir Fry,Mango Lassi,Perfect for the dessert's sweetness.,Mexican
Vegetable Stir Fry,Pale Ale,Perfect for the dessert's sweetness.,Indian
Chocolate Cake,Red Wine,Balances the sweetness and acidity.,Spanish
Pad Thai,Sake,A refreshing match.,Japanese
Pad Thai,Iced Tea,Enhances the richness of the dish.,Thai
Grilled Steak,Cider,Enhances the richness of the dish.,Mexican
Spaghetti Bolognese,Port Wine,Complements the spices beautifully.,Japanese
Chili Con Carne,Sake,Perfect for the dessert's sweetness.,Chinese
Chocolate Cake,Lager Beer,Balances the sweetness and acidity.,American
Tacos Al Pastor,Espresso,Complements the spices beautifully.,Mexican
Chocolate Cake,White Wine,Perfect for the dessert's sweetness.,Mexican
Caesar Salad,Pale Ale,Pairs wonderfully with the savory elements.,Spanish
Spring Rolls,Mango Lassi,"A light, clean pairing.",Spanish
Pad Thai,Sparkling Water,Balances the sweetness and acidity.,French
Pad Thai,Gin and Tonic,Perfect for the dessert's sweetness.,French
Pumpkin Pie,Mango Lassi,Balances the sweetness and acidity.,Indian
Chocolate Cake,Chardonnay,Complements the spices beautifully.,French
Lobster Bisque,Chardonnay,Cuts through the richness of the dish.,Italian
Caesar Salad,Gin and Tonic,Complements the spices beautifully.,Italian
Spaghetti Bolognese,Mango Lassi,Complements the spices beautifully.,French
Chili Con Carne,Pale Ale,Enhances the richness of the dish.,Thai
Seafood Paella,Margarita,Perfect for the dessert's sweetness.,Mediterranean
Indian Curry,Cider,"A light, clean pairing.",Thai
Pumpkin Pie,Espresso,A perfect balance of flavors.,Thai
Vegetable Stir Fry,White Wine,A refreshing match.,Japanese
Eggs Benedict,Green Tea,Perfect for the dessert's sweetness.,Spanish
Spaghetti Bolognese,Port Wine,Complements the spices beautifully.,Mexican
Spring Rolls,Prosecco,A perfect balance of flavors.,Spanish
Indian Curry,IPA Beer,Perfect for the dessert's sweetness.,Thai
Pumpkin Pie,Pale Ale,Brings out the umami flavors.,Indian
Pad Thai,White Wine,Balances the sweetness and acidity.,French
Eggs Benedict,Pale Ale,Balances the sweetness and acidity.,Indian
Seafood Paella,Sparkling Water,Complements the spices beautifully.,American
Grilled Steak,Chardonnay,Cuts through the richness of the dish.,Spanish
Chili Con Carne,Prosecco,A perfect balance of flavors.,French
Sushi,Margarita,A perfect balance of flavors.,Indian
Sushi,IPA Beer,Complements the spices beautifully.,Spanish
Roasted Chicken,Lager Beer,Pairs wonderfully with the savory elements.,Italian
Eggs Benedict,Pale Ale,Pairs wonderfully with the savory elements.,Indian
Grilled Steak,Sake,A refreshing match.,Italian
Pumpkin Pie,Margarita,Enhances the richness of the dish.,Mediterranean
Indian Curry,Green Tea,"A light, clean pairing.",Japanese
Caesar Salad,Mango Lassi,Cuts through the richness of the dish.,Mediterranean
Chili Con Carne,Margarita,Pairs wonderfully with the savory elements.,Italian
BBQ Ribs,Cider,Perfect for the dessert's sweetness.,American
Vegetable Stir Fry,Lager Beer,"A light, clean pairing.",Japanese
Caesar Salad,Chianti,Pairs wonderfully with the savory elements.,Italian
Vegetable Stir Fry,White Wine,Pairs wonderfully with the savory elements.,Spanish
Eggs Benedict,Margarita,Cuts through the richness of the dish.,French
Lobster Bisque,Lager Beer,Cuts through the richness of the dish.,Thai
Indian Curry,Lager Beer,Complements the spices beautifully.,Indian
Lobster Bisque,Gin and Tonic,A refreshing match.,Japanese
Cheeseburger,Chianti,A refreshing match.,Chinese
Chili Con Carne,White Wine,Brings out the umami flavors.,French
Cheeseburger,Green Tea,A perfect balance of flavors.,Thai
Cheeseburger,Sparkling Water,Perfect for the dessert's sweetness.,Indian
Indian Curry,Red Wine,"A light, clean pairing.",Thai
Grilled Steak,Lager Beer,A refreshing match.,American
Margherita Pizza,Prosecco,Enhances the richness of the dish.,Japanese
Spring Rolls,Sparkling Water,Brings out the umami flavors.,French
Pad Thai,Prosecco,Pairs wonderfully with the savory elements.,Chinese
Caesar Salad,Chianti,Enhances the richness of the dish.,Italian
Fish and Chips,Gin and Tonic,Pairs wonderfully with the savory elements.,Mediterranean
Eggs Benedict,Gin and Tonic,Cuts through the richness of the dish.,Thai
Cheeseburger,Hot Chocolate,Complements the spices beautifully.,Mexican
Lobster Bisque,Green Tea,Balances the sweetness and acidity.,Italian
Vegetable Stir Fry,Chianti,A refreshing match.,Italian
Pad Thai,Espresso,Enhances the richness of the dish.,Thai
Spaghetti Bolognese,Port Wine,Enhances the richness of the dish.,Spanish
Eggs Benedict,Hot Chocolate,Cuts through the richness of the dish.,Chinese
Indian Curry,Chianti,Cuts through the richness of the dish.,French
Chili Con Carne,Port Wine,"A light, clean pairing.",Thai
Spring Rolls,Pale Ale,Perfect for the dessert's sweetness.,Thai
Tacos Al Pastor,Sparkling Water,Perfect for the dessert's sweetness.,Mediterranean
Margherita Pizza,Red Wine,Cuts through the richness of the dish.,Italian
Spaghetti Bolognese,Red Wine,Balances the sweetness and acidity.,Thai
Lobster Bisque,Pale Ale,Cuts through the richness of the dish.,French
Lobster Bisque,Cider,Brings out the umami flavors.,Spanish
Chili Con Carne,White Wine,Brings out the umami flavors.,American
Caesar Salad,Espresso,"A light, clean pairing.",Italian
Lobster Bisque,Lager Beer,A perfect balance of flavors.,Mediterranean
Lobster Bisque,Espresso,Enhances the richness of the dish.,Chinese
Seafood Paella,Sake,A perfect balance of flavors.,Indian
Eggs Benedict,Iced Tea,A perfect balance of flavors.,Chinese
Fish and Chips,White Wine,A perfect balance of flavors.,Mexican
Tacos Al Pastor,Port Wine,Balances the sweetness and acidity.,Thai
Chili Con Carne,White Wine,Balances the sweetness and acidity.,Italian
Margherita Pizza,Pale Ale,A perfect balance of flavors.,Mexican
Fish and Chips,Gin and Tonic,Pairs wonderfully with the savory elements.,Mediterranean
Pumpkin Pie,Red Wine,A refreshing match.,Thai
Fish and Chips,Sparkling Water,Brings out the umami flavors.,Chinese
Fish and Chips,Lager Beer,"A light, clean pairing.",Japanese
BBQ Ribs,Chianti,Cuts through the richness of the dish.,Mediterranean
Fish and Chips,Margarita,"A light, clean pairing.",Chinese
Spaghetti Bolognese,Chianti,Brings out the umami flavors.,Thai
Eggs Benedict,Gin and Tonic,Balances the sweetness and acidity.,Chinese
Fish and Chips,Chianti,Cuts through the richness of the dish.,French
Roasted Chicken,Cider,A perfect balance of flavors.,Spanish
Vegetable Stir Fry,Sparkling Water,Brings out the umami flavors.,American
Eggs Benedict,Hot Chocolate,Pairs wonderfully with the savory elements.,American
Tacos Al Pastor,Espresso,A refreshing match.,Chinese
Pad Thai,Port Wine,Pairs wonderfully with the savory elements.,Chinese
Fish and Chips,Red Wine,Enhances the richness of the dish.,Thai
Cheeseburger,IPA Beer,A perfect balance of flavors.,Japanese
Pad Thai,Gin and Tonic,Enhances the richness of the dish.,American
Sushi,Lager Beer,A perfect balance of flavors.,Italian
Margherita Pizza,Green Tea,Perfect for the dessert's sweetness.,Spanish
Margherita Pizza,Chardonnay,A refreshing match.,Spanish
Grilled Steak,Prosecco,Perfect for the dessert's sweetness.,American
Sushi,Sake,Balances the sweetness and acidity.,Indian
Caesar Salad,Chardonnay,A perfect balance of flavors.,American
BBQ Ribs,IPA Beer,Balances the sweetness and acidity.,Mediterranean
Pumpkin Pie,Riesling,Cuts through the richness of the dish.,Japanese
Caesar Salad,Margarita,A refreshing match.,Spanish
Pad Thai,Pale Ale,Complements the spices beautifully.,Thai
Caesar Salad,Cider,Brings out the umami flavors.,Chinese
Margherita Pizza,Iced Tea,Enhances the richness of the dish.,Mexican
Tacos Al Pastor,Chardonnay,Complements the spices beautifully.,Thai
Caesar Salad,Riesling,A refreshing match.,Italian
Sushi,Gin and Tonic,Complements the spices beautifully.,American
Chocolate Cake,Riesling,Enhances the richness of the dish.,Japanese
Cheeseburger,Lager Beer,A perfect balance of flavors.,Italian
Eggs Benedict,Espresso,Pairs wonderfully with the savory elements.,Chinese
Chili Con Carne,Green Tea,Brings out the umami flavors.,Indian
BBQ Ribs,IPA Beer,Cuts through the richness of the dish.,American
Caesar Salad,Cider,A refreshing match.,American
Vegetable Stir Fry,Sake,Cuts through the richness of the dish.,Mexican
Pumpkin Pie,Green Tea,A perfect balance of flavors.,Indian
Lobster Bisque,Lager Beer,Enhances the richness of the dish.,American
Caesar Salad,Hot Chocolate,Perfect for the dessert's sweetness.,Chinese
Margherita Pizza,Margarita,Cuts through the richness of the dish.,Chinese
Pad Thai,Sake,Enhances the richness of the dish.,Chinese
Roasted Chicken,Pale Ale,Brings out the umami flavors.,Thai
Cheeseburger,White Wine,Perfect for the dessert's sweetness.,Mediterranean
Caesar Salad,Iced Tea,A refreshing match.,Mexican
BBQ Ribs,Sparkling Water,Perfect for the dessert's sweetness.,Indian
Tacos Al Pastor,Prosecco,"A light, clean pairing.",Italian
Pumpkin Pie,Cider,Brings out the umami flavors.,Spanish
Pumpkin Pie,Sparkling Water,Cuts through the richness of the dish.,Japanese
Roasted Chicken,Chardonnay,Complements the spices beautifully.,Indian
Vegetable Stir Fry,Pale Ale,Enhances the richness of the dish.,Mediterranean
Chocolate Cake,Margarita,Perfect for the dessert's sweetness.,Mexican
Eggs Benedict,White Wine,"A light, clean pairing.",Chinese
Eggs Benedict,Sparkling Water,Pairs wonderfully with the savory elements.,Mexican
Vegetable Stir Fry,Red Wine,Brings out the umami flavors.,Mexican
Seafood Paella,Green Tea,Enhances the richness of the dish.,Chinese
Vegetable Stir Fry,Sparkling Water,Enhances the richness of the dish.,French
Chili Con Carne,White Wine,Balances the sweetness and acidity.,Mediterranean
Caesar Salad,Gin and Tonic,A perfect balance of flavors.,American
Fish and Chips,Sake,Balances the sweetness and acidity.,American
Sushi,Margarita,A perfect balance of flavors.,Italian
Indian Curry,Sparkling Water,A refreshing match.,Japanese
Vegetable Stir Fry,Mango Lassi,Perfect for the dessert's sweetness.,Spanish
Vegetable Stir Fry,Gin and Tonic,Perfect for the dessert's sweetness.,Indian
Chocolate Cake,Green Tea,Brings out the umami flavors.,Chinese
Lobster Bisque,Hot Chocolate,"A light, clean pairing.",Spanish
Fish and Chips,IPA Beer,A refreshing match.,Chinese
Eggs Benedict,Red Wine,Complements the spices beautifully.,Mexican
Margherita Pizza,Pale Ale,Cuts through the richness of the dish.,Italian
Tacos Al Pastor,Chardonnay,Complements the spices beautifully.,Mediterranean
Chocolate Cake,Espresso,"A light, clean pairing.",Thai
Cheeseburger,Chianti,Enhances the richness of the dish.,Indian
Caesar Salad,Cider,Pairs wonderfully with the savory elements.,French
Spring Rolls,Sake,Balances the sweetness and acidity.,Spanish
Sushi,Margarita,"A light, clean pairing.",Italian
Lobster Bisque,Chianti,Brings out the umami flavors.,Chinese
Grilled Steak,Red Wine,Cuts through the richness of the dish.,Mexican
Pad Thai,Cider,Balances the sweetness and acidity.,Italian
Eggs Benedict,Green Tea,Perfect for the dessert's sweetness.,Italian
Fish and Chips,Cider,Pairs wonderfully with the savory elements.,Mediterranean
Pad Thai,Sake,Complements the spices beautifully.,Indian
Sushi,Pale Ale,Complements the spices beautifully.,Mexican
Vegetable Stir Fry,Prosecco,Brings out the umami flavors.,Mexican
Pumpkin Pie,Pale Ale,Perfect for the dessert's sweetness.,Mediterranean
Chocolate Cake,Pale Ale,Pairs wonderfully with the savory elements.,Mediterranean
Grilled Steak,Cider,Pairs wonderfully with the savory elements.,French
Margherita Pizza,Port Wine,A refreshing match.,American
Spring Rolls,Sparkling Water,Cuts through the richness of the dish.,Mexican
Seafood Paella,Chardonnay,Complements the spices beautifully.,Mediterranean
Pad Thai,Red Wine,A refreshing match.,Japanese
Roasted Chicken,Sake,Cuts through the richness of the dish.,Indian
Sushi,Chianti,Pairs wonderfully with the savory elements.,Spanish
Pad Thai,White Wine,Brings out the umami flavors.,Mediterranean
Indian Curry,Sparkling Water,A refreshing match.,Chinese
Chocolate Cake,White Wine,Brings out the umami flavors.,French
Pumpkin Pie,Pale Ale,Brings out the umami flavors.,American
Chocolate Cake,Pale Ale,Pairs wonderfully with the savory elements.,French
Pad Thai,Pale Ale,Pairs wonderfully with the savory elements.,Mediterranean
Caesar Salad,Prosecco,A refreshing match.,Mexican
Fish and Chips,Prosecco,Complements the spices beautifully.,Mediterranean
Caesar Salad,Riesling,A refreshing match.,Thai
Fish and Chips,Margarita,Enhances the richness of the dish.,French
Pad Thai,White Wine,Cuts through the richness of the dish.,Mexican
Tacos Al Pastor,Mango Lassi,Perfect for the dessert's sweetness.,Chinese
Grilled Steak,Pale Ale,"A light, clean pairing.",Mexican
Pumpkin Pie,Gin and Tonic,A perfect balance of flavors.,Italian
Cheeseburger,Gin and Tonic,Pairs wonderfully with the savory elements.,Mexican
Spaghetti Bolognese,Sake,Balances the sweetness and acidity.,American
Indian Curry,Lager Beer,Cuts through the richness of the dish.,Mexican
Caesar Salad,White Wine,Cuts through the richness of the dish.,Chinese
Pad Thai,Margarita,A refreshing match.,Thai
Pumpkin Pie,Gin and Tonic,Complements the spices beautifully.,Indian
Fish and Chips,Mango Lassi,Complements the spices beautifully.,Spanish
Caesar Salad,Green Tea,Pairs wonderfully with the savory elements.,Mexican
Pumpkin Pie,Margarita,Brings out the umami flavors.,Mediterranean
Pumpkin Pie,Gin and Tonic,A refreshing match.,Mexican
Tacos Al Pastor,Prosecco,A perfect balance of flavors.,Mediterranean
Margherita Pizza,IPA Beer,Cuts through the richness of the dish.,Mediterranean
Tacos Al Pastor,Iced Tea,Enhances the richness of the dish.,Mediterranean
Indian Curry,IPA Beer,A perfect balance of flavors.,Thai
Roasted Chicken,Cider,Balances the sweetness and acidity.,Spanish
Cheeseburger,Green Tea,Cuts through the richness of the dish.,Thai
Vegetable Stir Fry,Iced Tea,Pairs wonderfully with the savory elements.,Mexican
Cheeseburger,Gin and Tonic,Pairs wonderfully with the savory elements.,Chinese
Sushi,Riesling,A refreshing match.,Indian
Spring Rolls,Espresso,"A light, clean pairing.",Chinese
Spring Rolls,Pale Ale,Pairs wonderfully with the savory elements.,Indian
Fish and Chips,Iced Tea,Brings out the umami flavors.,Mexican
Chocolate Cake,Iced Tea,Cuts through the richness of the dish.,Italian
Margherita Pizza,Margarita,Perfect for the dessert's sweetness.,Chinese
Spring Rolls,Sparkling Water,Cuts through the richness of the dish.,American
Pumpkin Pie,Iced Tea,A perfect balance of flavors.,Italian
Seafood Paella,Prosecco,Brings out the umami flavors.,American
Pad Thai,IPA Beer,Cuts through the richness of the dish.,Thai
BBQ Ribs,Lager Beer,A perfect balance of flavors.,Mexican
Eggs Benedict,IPA Beer,A perfect balance of flavors.,Indian
Cheeseburger,Mango Lassi,Cuts through the richness of the dish.,Indian
Caesar Salad,Chardonnay,Perfect for the dessert's sweetness.,Indian
BBQ Ribs,Red Wine,"A light, clean pairing.",American
Caesar Salad,Lager Beer,"A light, clean pairing.",French
Spring Rolls,Lager Beer,Pairs wonderfully with the savory elements.,Mediterranean
Pad Thai,Lager Beer,Cuts through the richness of the dish.,Mexican
Roasted Chicken,Gin and Tonic,"A light, clean pairing.",Chinese
Grilled Steak,Cider,A perfect balance of flavors.,French
Roasted Chicken,Cider,Complements the spices beautifully.,Mediterranean
Grilled Steak,Hot Chocolate,Enhances the richness of the dish.,Mediterranean
Spaghetti Bolognese,Chianti,Pairs wonderfully with the savory elements.,French
Tacos Al Pastor,Mango Lassi,Complements the spices beautifully.,Indian
Seafood Paella,Chianti,Balances the sweetness and acidity.,Japanese
Margherita Pizza,Green Tea,Perfect for the dessert's sweetness.,Indian
Caesar Salad,Gin and Tonic,Brings out the umami flavors.,Japanese
Eggs Benedict,Iced Tea,"A light, clean pairing.",Spanish
Pad Thai,Mango Lassi,A refreshing match.,Japanese
Indian Curry,White Wine,A perfect balance of flavors.,Mediterranean
Tacos Al Pastor,Green Tea,"A light, clean pairing.",Chinese
Pumpkin Pie,Prosecco,Perfect for the dessert's sweetness.,Chinese
Cheeseburger,Chianti,Enhances the richness of the dish.,Italian
Vegetable Stir Fry,Lager Beer,A perfect balance of flavors.,American
Indian Curry,Margarita,"A light, clean pairing.",Chinese
Seafood Paella,Lager Beer,A refreshing match.,Indian
Chocolate Cake,Mango Lassi,A refreshing match.,Spanish
Chocolate Cake,Gin and Tonic,Brings out the umami flavors.,Thai
Seafood Paella,White Wine,Balances the sweetness and acidity.,Mexican
Lobster Bisque,Port Wine,Cuts through the richness of the dish.,Mexican
Margherita Pizza,Riesling,Enhances the richness of the dish.,French
Pumpkin Pie,Chardonnay,"A light, clean pairing.",Mediterranean
Margherita Pizza,Chardonnay,Complements the spices beautifully.,American
Pumpkin Pie,Cider,Brings out the umami flavors.,Spanish
Caesar Salad,Gin and Tonic,Balances the sweetness and acidity.,Chinese
Spaghetti Bolognese,Iced Tea,A refreshing match.,Thai
Pad Thai,Mango Lassi,Pairs wonderfully with the savory elements.,Chinese
Pad Thai,Prosecco,A refreshing match.,Mexican
Seafood Paella,Port Wine,A refreshing match.,Spanish
BBQ Ribs,White Wine,Enhances the richness of the dish.,Japanese
Cheeseburger,Sake,Pairs wonderfully with the savory elements.,American
Tacos Al Pastor,Chianti,Complements the spices beautifully.,Chinese
Spring Rolls,Sake,Pairs wonderfully with the savory elements.,Japanese
Seafood Paella,Pale Ale,Pairs wonderfully with the savory elements.,Chinese
Tacos Al Pastor,Margarita,Perfect for the dessert's sweetness.,American
Lobster Bisque,Hot Chocolate,Enhances the richness of the dish.,Spanish
Roasted Chicken,Green Tea,A refreshing match.,Spanish
Cheeseburger,Chardonnay,Complements the spices beautifully.,French
Caesar Salad,Riesling,Cuts through the richness of the dish.,Spanish
Vegetable Stir Fry,Gin and Tonic,Perfect for the dessert's sweetness.,Indian
Tacos Al Pastor,Cider,Enhances the richness of the dish.,Mediterranean
Pad Thai,Green Tea,Cuts through the richness of the dish.,Italian
Lobster Bisque,Iced Tea,Cuts through the richness of the dish.,Italian
Indian Curry,Port Wine,Balances the sweetness and acidity.,Japanese
Seafood Paella,Sake,A refreshing match.,Indian
Vegetable Stir Fry,Sparkling Water,Enhances the richness of the dish.,Indian
Eggs Benedict,Port Wine,Perfect for the dessert's sweetness.,Indian
BBQ Ribs,Chianti,Cuts through the richness of the dish.,French
Lobster Bisque,Iced Tea,Complements the spices beautifully.,Mediterranean
Pad Thai,Gin and Tonic,Cuts through the richness of the dish.,Spanish
Vegetable Stir Fry,Espresso,Brings out the umami flavors.,Mediterranean
Lobster Bisque,Margarita,Pairs wonderfully with the savory elements.,French
Vegetable Stir Fry,Sparkling Water,Pairs wonderfully with the savory elements.,Thai
Roasted Chicken,Riesling,Perfect for the dessert's sweetness.,American
Fish and Chips,Green Tea,A perfect balance of flavors.,Chinese
Chocolate Cake,Espresso,A refreshing match.,Thai
Indian Curry,Pale Ale,Perfect for the dessert's sweetness.,Mediterranean
Pumpkin Pie,Margarita,A perfect balance of flavors.,Chinese
Pumpkin Pie,Pale Ale,Cuts through the richness of the dish.,Mediterranean
Chili Con Carne,Port Wine,A perfect balance of flavors.,Spanish
Seafood Paella,Sparkling Water,Complements the spices beautifully.,Spanish
Pumpkin Pie,Mango Lassi,Perfect for the dessert's sweetness.,French
Seafood Paella,Hot Chocolate,Enhances the richness of the dish.,Japanese
Eggs Benedict,Chardonnay,Pairs wonderfully with the savory elements.,American
Vegetable Stir Fry,Riesling,Enhances the richness of the dish.,American
Indian Curry,Red Wine,"A light, clean pairing.",Spanish
Tacos Al Pastor,Pale Ale,Perfect for the dessert's sweetness.,Indian
Vegetable Stir Fry,Cider,Balances the sweetness and acidity.,Indian
Spring Rolls,Pale Ale,A perfect balance of flavors.,Mediterranean
Spaghetti Bolognese,Chianti,Complements the spices beautifully.,Thai
Sushi,Sake,Complements the spices beautifully.,French
Fish and Chips,Sparkling Water,Perfect for the dessert's sweetness.,Mexican
Cheeseburger,Sake,Balances the sweetness and acidity.,Mediterranean
BBQ Ribs,Margarita,Complements the spices beautifully.,Thai
Chili Con Carne,IPA Beer,Brings out the umami flavors.,Chinese
Pad Thai,Mango Lassi,Cuts through the richness of the dish.,Mediterranean
Margherita Pizza,Sparkling Water,Perfect for the dessert's sweetness.,Japanese
Pad Thai,Lager Beer,Pairs wonderfully with the savory elements.,Indian
Margherita Pizza,IPA Beer,"A light, clean pairing.",French
Pumpkin Pie,Margarita,Complements the spices beautifully.,Spanish
Spaghetti Bolognese,Pale Ale,Brings out the umami flavors.,Japanese
BBQ Ribs,Espresso,"A light, clean pairing.",Japanese
Vegetable Stir Fry,Cider,Balances the sweetness and acidity.,Mexican
Eggs Benedict,Cider,Brings out the umami flavors.,Thai
Roasted Chicken,Margarita,A perfect balance of flavors.,Mediterranean
Chocolate Cake,Red Wine,Pairs wonderfully with the savory elements.,Italian
Margherita Pizza,Margarita,Balances the sweetness and acidity.,Japanese
Fish and Chips,Chardonnay,Perfect for the dessert's sweetness.,Chinese
Chocolate Cake,Riesling,Enhances the richness of the dish.,French
Tacos Al Pastor,Chianti,Balances the sweetness and acidity.,Mexican
Grilled Steak,Sparkling Water,A refreshing match.,French
BBQ Ribs,White Wine,Pairs wonderfully with the savory elements.,Japanese
Pad Thai,Riesling,"A light, clean pairing.",Japanese
Spaghetti Bolognese,Cider,A refreshing match.,American
Grilled Steak,Sake,Cuts through the richness of the dish.,Spanish
Chocolate Cake,Margarita,"A light, clean pairing.",Mexican
Spring Rolls,Chardonnay,Brings out the umami flavors.,Mediterranean
Chocolate Cake,IPA Beer,"A light, clean pairing.",Thai
Eggs Benedict,Mango Lassi,Pairs wonderfully with the savory elements.,American
Pad Thai,Sake,"A light, clean pairing.",Indian
Spaghetti Bolognese,IPA Beer,A perfect balance of flavors.,Mexican
Lobster Bisque,Gin and Tonic,A refreshing match.,American
Chocolate Cake,Margarita,A perfect balance of flavors.,Mediterranean
Sushi,Lager Beer,Complements the spices beautifully.,Japanese
Seafood Paella,Sparkling Water,Pairs wonderfully with the savory elements.,Mexican
Pumpkin Pie,Iced Tea,Pairs wonderfully with the savory elements.,Mexican
Fish and Chips,IPA Beer,Pairs wonderfully with the savory elements.,Thai
Spaghetti Bolognese,Riesling,Balances the sweetness and acidity.,Italian
BBQ Ribs,Cider,Brings out the umami flavors.,Spanish
Cheeseburger,Sake,A refreshing match.,Spanish
Spaghetti Bolognese,Port Wine,Complements the spices beautifully.,Spanish
Lobster Bisque,Prosecco,Cuts through the richness of the dish.,Indian
Roasted Chicken,Sparkling Water,Pairs wonderfully with the savory elements.,Japanese
Grilled Steak,Iced Tea,Perfect for the dessert's sweetness.,Spanish
Vegetable Stir Fry,Cider,Enhances the richness of the dish.,Thai
Pad Thai,Prosecco,A perfect balance of flavors.,Japanese
Eggs Benedict,Prosecco,Brings out the umami flavors.,Thai
Lobster Bisque,Cider,Cuts through the richness of the dish.,Chinese
Margherita Pizza,Lager Beer,A perfect balance of flavors.,Mediterranean
Spaghetti Bolognese,Chardonnay,Cuts through the richness of the dish.,Mediterranean
Pumpkin Pie,Espresso,Perfect for the dessert's sweetness.,French
Caesar Salad,Sparkling Water,Complements the spices beautifully.,American
Cheeseburger,Red Wine,Balances the sweetness and acidity.,American
Roasted Chicken,Chardonnay,A refreshing match.,Indian
Pad Thai,Cider,A refreshing match.,Mexican
Spaghetti Bolognese,Pale Ale,Cuts through the richness of the dish.,Italian
Margherita Pizza,Sake,A refreshing match.,Mexican
Margherita Pizza,White Wine,Complements the spices beautifully.,American
Chili Con Carne,Pale Ale,Perfect for the dessert's sweetness.,Thai
Spring Rolls,Cider,Pairs wonderfully with the savory elements.,American
Chili Con Carne,IPA Beer,A refreshing match.,Italian
Spaghetti Bolognese,Hot Chocolate,A refreshing match.,Indian
BBQ Ribs,White Wine,Brings out the umami flavors.,Italian
Seafood Paella,Chardonnay,Enhances the richness of the dish.,Mexican
Pad Thai,Riesling,Brings out the umami flavors.,Chinese
Cheeseburger,Gin and Tonic,Cuts through the richness of the dish.,Thai
Pumpkin Pie,Port Wine,"A light, clean pairing.",Mexican
Lobster Bisque,Chianti,Complements the spices beautifully.,Spanish
Pumpkin Pie,Iced Tea,A refreshing match.,French
Chocolate Cake,Green Tea,Balances the sweetness and acidity.,American
Chocolate Cake,Port Wine,Perfect for the dessert's sweetness.,American
Chocolate Cake,Sparkling Water,"A light, clean pairing.",Spanish
Margherita Pizza,Chianti,Complements the spices beautifully.,Chinese
Spaghetti Bolognese,Port Wine,A perfect balance of flavors.,Japanese
Chocolate Cake,Margarita,Complements the spices beautifully.,Spanish
Seafood Paella,Chardonnay,Perfect for the dessert's sweetness.,Japanese
Tacos Al Pastor,Prosecco,Pairs wonderfully with the savory elements.,Spanish
Vegetable Stir Fry,Red Wine,"A light, clean pairing.",Thai
Cheeseburger,Pale Ale,Perfect for the dessert's sweetness.,Italian
Tacos Al Pastor,Margarita,Pairs wonderfully with the savory elements.,Mexican
BBQ Ribs,Pale Ale,Balances the sweetness and acidity.,Thai
Lobster Bisque,Iced Tea,Enhances the richness of the dish.,Indian
Roasted Chicken,Margarita,Pairs wonderfully with the savory elements.,Italian
Spaghetti Bolognese,Sparkling Water,Pairs wonderfully with the savory elements.,Spanish
Spring Rolls,Cider,Cuts through the richness of the dish.,American
Chili Con Carne,Sparkling Water,Balances the sweetness and acidity.,Spanish
Spaghetti Bolognese,Lager Beer,Brings out the umami flavors.,Indian
Caesar Salad,Pale Ale,Complements the spices beautifully.,Spanish
Tacos Al Pastor,Mango Lassi,Pairs wonderfully with the savory elements.,Japanese
Seafood Paella,Chianti,"A light, clean pairing.",Italian
Grilled Steak,Prosecco,"A light, clean pairing.",Thai
Margherita Pizza,Iced Tea,Brings out the umami flavors.,Japanese
Caesar Salad,Margarita,"A light, clean pairing.",French
Spring Rolls,Red Wine,Brings out the umami flavors.,American
Fish and Chips,Lager Beer,A refreshing match.,Mediterranean
Eggs Benedict,Riesling,Complements the spices beautifully.,American
Chocolate Cake,Gin and Tonic,Cuts through the richness of the dish.,Indian
Margherita Pizza,Hot Chocolate,Balances the sweetness and acidity.,American
Grilled Steak,Espresso,"A light, clean pairing.",Thai
Seafood Paella,Prosecco,Brings out the umami flavors.,Italian
Chocolate Cake,Port Wine,Cuts through the richness of the dish.,Mediterranean
Grilled Steak,Cider,Brings out the umami flavors.,Indian
Seafood Paella,Green Tea,Balances the sweetness and acidity.,Chinese
Lobster Bisque,Green Tea,Complements the spices beautifully.,Italian
Chocolate Cake,Mango Lassi,Perfect for the dessert's sweetness.,Thai
Chili Con Carne,Pale Ale,Pairs wonderfully with the savory elements.,Mexican
Seafood Paella,Espresso,A refreshing match.,Spanish
Cheeseburger,Chardonnay,"A light, clean pairing.",Spanish
Roasted Chicken,Hot Chocolate,Perfect for the dessert's sweetness.,Thai
Eggs Benedict,Port Wine,Pairs wonderfully with the savory elements.,Japanese
Pumpkin Pie,Mango Lassi,Perfect for the dessert's sweetness.,Italian
Pumpkin Pie,Sparkling Water,Complements the spices beautifully.,Thai
Sushi,Prosecco,A perfect balance of flavors.,French
BBQ Ribs,Green Tea,Balances the sweetness and acidity.,Mediterranean
Tacos Al Pastor,Red Wine,Enhances the richness of the dish.,American
Spring Rolls,Sparkling Water,Perfect for the dessert's sweetness.,Indian
Caesar Salad,Prosecco,Cuts through the richness of the dish.,American
Chocolate Cake,Cider,Complements the spices beautifully.,American
Eggs Benedict,Lager Beer,Balances the sweetness and acidity.,Spanish
Chocolate Cake,White Wine,Balances the sweetness and acidity.,Italian
Eggs Benedict,White Wine,Perfect for the dessert's sweetness.,Indian
Grilled Steak,Prosecco,A refreshing match.,Chinese
Pad Thai,Iced Tea,Complements the spices beautifully.,Japanese
Pad Thai,Lager Beer,Balances the sweetness and acidity.,Chinese
Fish and Chips,Lager Beer,Balances the sweetness and acidity.,Spanish
Tacos Al Pastor,White Wine,A refreshing match.,Chinese
Pad Thai,Iced Tea,Enhances the richness of the dish.,Mediterranean
Spaghetti Bolognese,Iced Tea,A perfect balance of flavors.,Chinese
Cheeseburger,Port Wine,Cuts through the richness of the dish.,French
Pumpkin Pie,Chardonnay,A refreshing match.,American
Pad Thai,Gin and Tonic,Balances the sweetness and acidity.,Spanish
Spring Rolls,Sparkling Water,Enhances the richness of the dish.,American
Eggs Benedict,Margarita,Perfect for the dessert's sweetness.,American
Vegetable Stir Fry,Cider,Enhances the richness of the dish.,Italian
Caesar Salad,Espresso,A perfect balance of flavors.,Spanish
Spaghetti Bolognese,Green Tea,"A light, clean pairing.",Italian
Vegetable Stir Fry,White Wine,Perfect for the dessert's sweetness.,Spanish
Chocolate Cake,Red Wine,"A light, clean pairing.",Mexican
Lobster Bisque,Port Wine,Enhances the richness of the dish.,Japanese
Chocolate Cake,Sparkling Water,A perfect balance of flavors.,Japanese
Tacos Al Pastor,Riesling,Cuts through the richness of the dish.,French
Margherita Pizza,White Wine,Complements the spices beautifully.,Mediterranean
Eggs Benedict,Chardonnay,Brings out the umami flavors.,Indian
Caesar Salad,Pale Ale,Enhances the richness of the dish.,American
BBQ Ribs,Sparkling Water,A refreshing match.,Chinese
Sushi,Prosecco,Complements the spices beautifully.,Mediterranean
Pumpkin Pie,Chianti,Balances the sweetness and acidity.,Indian
Eggs Benedict,Port Wine,Pairs wonderfully with the savory elements.,Mexican
Fish and Chips,Prosecco,Cuts through the richness of the dish.,Japanese
Cheeseburger,Port Wine,A perfect balance of flavors.,Japanese
Cheeseburger,Red Wine,Pairs wonderfully with the savory elements.,Chinese
Sushi,Hot Chocolate,Cuts through the richness of the dish.,Spanish
Pumpkin Pie,Iced Tea,A perfect balance of flavors.,Italian
Pumpkin Pie,Hot Chocolate,A perfect balance of flavors.,Indian
Vegetable Stir Fry,Mango Lassi,"A light, clean pairing.",Japanese
Caesar Salad,Cider,Brings out the umami flavors.,Italian
Chili Con Carne,Lager Beer,A refreshing match.,American
Seafood Paella,Sparkling Water,Pairs wonderfully with the savory elements.,Japanese
BBQ Ribs,Port Wine,A refreshing match.,Mexican
Lobster Bisque,Margarita,"A light, clean pairing.",Thai
Lobster Bisque,Hot Chocolate,"A light, clean pairing.",American
Indian Curry,Green Tea,Perfect for the dessert's sweetness.,French
Margherita Pizza,Espresso,Enhances the richness of the dish.,Thai
Chili Con Carne,Chianti,Brings out the umami flavors.,Thai
Spaghetti Bolognese,Riesling,Cuts through the richness of the dish.,Mexican
Indian Curry,Sake,Pairs wonderfully with the savory elements.,Italian
Vegetable Stir Fry,Lager Beer,"A light, clean pairing.",Spanish
Vegetable Stir Fry,Chardonnay,Complements the spices beautifully.,Spanish
Tacos Al Pastor,Espresso,Complements the spices beautifully.,Japanese
BBQ Ribs,Port Wine,Balances the sweetness and acidity.,Spanish
Pumpkin Pie,White Wine,A refreshing match.,Indian
Chili Con Carne,Red Wine,Pairs wonderfully with the savory elements.,Indian
Chocolate Cake,Chardonnay,Brings out the umami flavors.,Thai
Seafood Paella,Chianti,Cuts through the richness of the dish.,Mediterranean
Fish and Chips,Pale Ale,Perfect for the dessert's sweetness.,Italian
Chili Con Carne,Port Wine,A perfect balance of flavors.,Mexican
Caesar Salad,Chianti,A refreshing match.,Indian
Grilled Steak,Espresso,Perfect for the dessert's sweetness.,French
Margherita Pizza,Margarita,A refreshing match.,Mediterranean
Roasted Chicken,Pale Ale,A refreshing match.,Indian
Chili Con Carne,Green Tea,Enhances the richness of the dish.,Mediterranean
BBQ Ribs,White Wine,Brings out the umami flavors.,Mediterranean
Sushi,Espresso,A perfect balance of flavors.,Chinese
Eggs Benedict,Prosecco,Perfect for the dessert's sweetness.,Mexican
Pumpkin Pie,Red Wine,Pairs wonderfully with the savory elements.,Chinese
Vegetable Stir Fry,White Wine,"A light, clean pairing.",Italian
BBQ Ribs,Margarita,Pairs wonderfully with the savory elements.,Chinese
Caesar Salad,Gin and Tonic,Brings out the umami flavors.,Indian
Spaghetti Bolognese,Chardonnay,Cuts through the richness of the dish.,French
Indian Curry,IPA Beer,Brings out the umami flavors.,Mediterranean
Sushi,IPA Beer,Brings out the umami flavors.,Italian
Vegetable Stir Fry,Red Wine,A perfect balance of flavors.,Spanish
Cheeseburger,IPA Beer,"A light, clean pairing.",Thai
Grilled Steak,Espresso,Perfect for the dessert's sweetness.,Japanese
Grilled Steak,Green Tea,Cuts through the richness of the dish.,Thai
Tacos Al Pastor,Prosecco,Enhances the richness of the dish.,Spanish
Tacos Al Pastor,Sparkling Water,Balances the sweetness and acidity.,Thai
Eggs Benedict,Cider,A perfect balance of flavors.,Japanese
Indian Curry,Chianti,Cuts through the richness of the dish.,Mediterranean
Pad Thai,Prosecco,Balances the sweetness and acidity.,Italian
Vegetable Stir Fry,Sake,"A light, clean pairing.",Indian
Grilled Steak,Riesling,Pairs wonderfully with the savory elements.,French
Chocolate Cake,Margarita,Brings out the umami flavors.,Mediterranean
Grilled Steak,Port Wine,Brings out the umami flavors.,Mediterranean
Spaghetti Bolognese,Port Wine,Brings out the umami flavors.,Mexican
Vegetable Stir Fry,Sake,Enhances the richness of the dish.,Japanese
Lobster Bisque,Sparkling Water,"A light, clean pairing.",Mediterranean
Seafood Paella,Margarita,Enhances the richness of the dish.,Italian
Pad Thai,Mango Lassi,Perfect for the dessert's sweetness.,Mediterranean
Chocolate Cake,Green Tea,Cuts through the richness of the dish.,Thai
Lobster Bisque,Margarita,Pairs wonderfully with the savory elements.,Mediterranean
Pumpkin Pie,Lager Beer,Complements the spices beautifully.,Spanish
Spaghetti Bolognese,Green Tea,A refreshing match.,Mediterranean
Grilled Steak,Red Wine,Perfect for the dessert's sweetness.,Mediterranean
BBQ Ribs,Red Wine,Perfect for the dessert's sweetness.,American
Pumpkin Pie,Mango Lassi,Cuts through the richness of the dish.,Japanese
Roasted Chicken,Sake,Complements the spices beautifully.,French
Fish and Chips,Cider,Cuts through the richness of the dish.,Mexican
BBQ Ribs,IPA Beer,Brings out the umami flavors.,Mediterranean
Margherita Pizza,IPA Beer,"A light, clean pairing.",Mexican
Sushi,Port Wine,Cuts through the richness of the dish.,American
Eggs Benedict,Sparkling Water,Brings out the umami flavors.,Thai
Lobster Bisque,Hot Chocolate,A perfect balance of flavors.,Chinese
Lobster Bisque,Pale Ale,Perfect for the dessert's sweetness.,Japanese
Chili Con Carne,Pale Ale,Cuts through the richness of the dish.,Mexican
Pumpkin Pie,Prosecco,Brings out the umami flavors.,Spanish
Indian Curry,Hot Chocolate,Brings out the umami flavors.,Japanese
Seafood Paella,White Wine,Pairs wonderfully with the savory elements.,Mediterranean
Fish and Chips,IPA Beer,A perfect balance of flavors.,Italian
Lobster Bisque,Pale Ale,"A light, clean pairing.",Spanish
Caesar Salad,White Wine,"A light, clean pairing.",Spanish
Spaghetti Bolognese,Sake,Complements the spices beautifully.,French
Indian Curry,White Wine,Perfect for the dessert's sweetness.,Japanese
BBQ Ribs,Mango Lassi,Perfect for the dessert's sweetness.,Indian
Pumpkin Pie,Gin and Tonic,Cuts through the richness of the dish.,French
Grilled Steak,Red Wine,Balances the sweetness and acidity.,Mexican
Roasted Chicken,Iced Tea,Cuts through the richness of the dish.,Mexican
Lobster Bisque,Prosecco,"A light, clean pairing.",Indian
Chili Con Carne,Sparkling Water,Pairs wonderfully with the savory elements.,Mediterranean
Chili Con Carne,Iced Tea,Brings out the umami flavors.,Italian
Spaghetti Bolognese,Mango Lassi,Enhances the richness of the dish.,American
Seafood Paella,Hot Chocolate,Perfect for the dessert's sweetness.,Thai
Chocolate Cake,Pale Ale,"A light, clean pairing.",Mexican
Vegetable Stir Fry,Iced Tea,Complements the spices beautifully.,Japanese
BBQ Ribs,Riesling,A refreshing match.,Mexican
Roasted Chicken,Mango Lassi,Complements the spices beautifully.,American
Spaghetti Bolognese,Riesling,Perfect for the dessert's sweetness.,American
Vegetable Stir Fry,Margarita,Balances the sweetness and acidity.,Italian
