Food,Wine,Pairing Notes,Cuisine
Shrimp Scampi,Moscato,Highlights the dish's herbal notes.,Indian
Spaghetti Carbonara,Syrah,Adds a refreshing contrast.,Mediterranean
Shrimp Scampi,Rosé,Pairs well with the bold flavors.,Japanese
Vegetarian Lasagna,Pinot Noir,Balances the acidity and spiciness.,French
Seafood Risotto,Rosé,"Complements the rich, creamy texture.",Spanish
Seafood Risotto,Verdelho,Perfect for the sweet and salty combination.,American
BBQ Pork Ribs,Shiraz,Adds a refreshing contrast.,Mexican
BBQ Pork Ribs,Albariño,Adds a refreshing contrast.,French
Caesar Salad,Grenache,Cuts through the richness.,Japanese
Spinach and Ricotta Ravioli,Albariño,Harmonizes beautifully with the smoky undertones.,Italian
Seafood Risotto,Albariño,Adds a refreshing contrast.,Italian
Roasted Chicken,Chardonnay,Enhances the savory elements of the dish.,Mediterranean
Roasted Chicken,Rosé,Enhances the savory elements of the dish.,Spanish
BBQ Pork Ribs,Prosecco,Adds a refreshing contrast.,Indian
Cheese Platter,Rosé,Harmonizes beautifully with the smoky undertones.,Indian
Duck Breast,Verdelho,Perfect for the sweet and salty combination.,American
Stuffed Bell Peppers,Zinfandel,Highlights the dish's herbal notes.,Italian
Caesar Salad,Sauvignon Blanc,Enhances the savory elements of the dish.,Indian
Duck Breast,Merlot,Cuts through the richness.,Japanese
Vegetarian Lasagna,Verdelho,Brings out the sweetness of the food.,Indian
Seafood Risotto,Albariño,Cuts through the richness.,Mediterranean
Eggplant Parmesan,Port,Cuts through the richness.,Mexican
Duck Breast,Moscato,Enhances the savory elements of the dish.,Chinese
Tuna Tartare,Zinfandel,Perfect for the sweet and salty combination.,Mediterranean
Grilled Salmon,Pinot Noir,Cuts through the richness.,Spanish
Spinach and Ricotta Ravioli,Chardonnay,"Complements the rich, creamy texture.",Chinese
Roasted Chicken,Syrah,Enhances the savory elements of the dish.,Spanish
Grilled Steak,Moscato,Brings out the sweetness of the food.,American
Tuna Tartare,Merlot,Brings out the sweetness of the food.,Mexican
Spaghetti Carbonara,Sauvignon Blanc,Brings out the sweetness of the food.,French
Eggplant Parmesan,Riesling,Cuts through the richness.,French
Stuffed Bell Peppers,Syrah,Pairs well with the bold flavors.,Thai
Wild Mushroom Risotto,Pinot Noir,Perfect for the sweet and salty combination.,Japanese
Caesar Salad,Sauvignon Blanc,Perfect for the sweet and salty combination.,Indian
Roasted Chicken,Rosé,Harmonizes beautifully with the smoky undertones.,Italian
Cheese Platter,Shiraz,Balances the acidity and spiciness.,Indian
Grilled Salmon,Merlot,Cuts through the richness.,American
Vegetarian Lasagna,Shiraz,Cuts through the richness.,Thai
Vegetarian Lasagna,Merlot,Harmonizes beautifully with the smoky undertones.,Mediterranean
Roasted Chicken,Moscato,Cuts through the richness.,Indian
Duck Breast,Chardonnay,Highlights the dish's herbal notes.,Indian
Tuna Tartare,Merlot,Highlights the dish's herbal notes.,Japanese
Grilled Steak,Sauvignon Blanc,Perfect for the sweet and salty combination.,Italian
Eggplant Parmesan,Verdelho,Enhances the savory elements of the dish.,Italian
Seafood Risotto,Prosecco,Brings out the sweetness of the food.,American
Seafood Risotto,Merlot,Pairs well with the bold flavors.,Spanish
Lamb Chops,Moscato,Brings out the sweetness of the food.,Thai
Eggplant Parmesan,Syrah,Perfect for the sweet and salty combination.,French
Stuffed Bell Peppers,Cabernet Sauvignon,Highlights the dish's herbal notes.,American
Cheese Platter,Grenache,Pairs well with the bold flavors.,Spanish
Tuna Tartare,Moscato,Perfect for the sweet and salty combination.,Thai
Eggplant Parmesan,Merlot,Adds a refreshing contrast.,Italian
BBQ Pork Ribs,Shiraz,Perfect for the sweet and salty combination.,French
Wild Mushroom Risotto,Port,Cuts through the richness.,Italian
Stuffed Bell Peppers,Moscato,Balances the acidity and spiciness.,French
Chocolate Tart,Rosé,Brings out the sweetness of the food.,Spanish
Chicken Tikka Masala,Riesling,Perfect for the sweet and salty combination.,Mediterranean
Vegetarian Lasagna,Pinot Noir,"Complements the rich, creamy texture.",Thai
Shrimp Scampi,Champagne,Pairs well with the bold flavors.,Spanish
Cheese Platter,Prosecco,Adds a refreshing contrast.,American
Wild Mushroom Risotto,Verdelho,Cuts through the richness.,Spanish
Chicken Tikka Masala,Rosé,Pairs well with the bold flavors.,Mexican
Tuna Tartare,Prosecco,Highlights the dish's herbal notes.,Chinese
Spinach and Ricotta Ravioli,Prosecco,Pairs well with the bold flavors.,Thai
Eggplant Parmesan,Malbec,Perfect for the sweet and salty combination.,Japanese
Cheese Platter,Riesling,Enhances the savory elements of the dish.,Thai
Seafood Risotto,Shiraz,"Complements the rich, creamy texture.",Italian
Tuna Tartare,Sauvignon Blanc,Pairs well with the bold flavors.,Indian
Lamb Chops,Rosé,Pairs well with the bold flavors.,Japanese
Lamb Chops,Shiraz,Pairs well with the bold flavors.,Italian
Caesar Salad,Albariño,Adds a refreshing contrast.,French
Grilled Salmon,Port,Cuts through the richness.,French
Duck Breast,Shiraz,"Complements the rich, creamy texture.",Mexican
Tuna Tartare,Malbec,Pairs well with the bold flavors.,Italian
Beef Wellington,Sauvignon Blanc,Harmonizes beautifully with the smoky undertones.,Mediterranean
Grilled Steak,Riesling,Highlights the dish's herbal notes.,Mediterranean
Lamb Chops,Pinot Noir,Enhances the savory elements of the dish.,Mediterranean
Eggplant Parmesan,Shiraz,Brings out the sweetness of the food.,Mexican
Spaghetti Carbonara,Grenache,Pairs well with the bold flavors.,Spanish
Beef Wellington,Sauvignon Blanc,Pairs well with the bold flavors.,Italian
Chicken Tikka Masala,Pinot Noir,Perfect for the sweet and salty combination.,Japanese
Cheese Platter,Chardonnay,"Complements the rich, creamy texture.",Italian
BBQ Pork Ribs,Tempranillo,Enhances the savory elements of the dish.,Indian
Eggplant Parmesan,Merlot,Balances the acidity and spiciness.,Chinese
Beef Wellington,Tempranillo,Highlights the dish's herbal notes.,American
Beef Wellington,Port,Brings out the sweetness of the food.,French
Chocolate Tart,Pinot Noir,Brings out the sweetness of the food.,Thai
Spaghetti Carbonara,Albariño,Highlights the dish's herbal notes.,Mediterranean
Shrimp Scampi,Sauvignon Blanc,Highlights the dish's herbal notes.,American
Chocolate Tart,Grenache,Adds a refreshing contrast.,Italian
Stuffed Bell Peppers,Rosé,Brings out the sweetness of the food.,Italian
Caesar Salad,Syrah,Perfect for the sweet and salty combination.,Italian
Spinach and Ricotta Ravioli,Albariño,Adds a refreshing contrast.,Indian
Grilled Salmon,Port,Brings out the sweetness of the food.,Chinese
Duck Breast,Shiraz,"Complements the rich, creamy texture.",Chinese
Chocolate Tart,Prosecco,Harmonizes beautifully with the smoky undertones.,American
Roasted Chicken,Zinfandel,Adds a refreshing contrast.,Chinese
Wild Mushroom Risotto,Cabernet Sauvignon,"Complements the rich, creamy texture.",Chinese
BBQ Pork Ribs,Merlot,Adds a refreshing contrast.,Chinese
Caesar Salad,Chardonnay,Pairs well with the bold flavors.,Spanish
Spaghetti Carbonara,Port,"Complements the rich, creamy texture.",French
Chocolate Tart,Cabernet Sauvignon,Perfect for the sweet and salty combination.,Japanese
Beef Wellington,Riesling,Enhances the savory elements of the dish.,Thai
Grilled Salmon,Chardonnay,Pairs well with the bold flavors.,Italian
Chicken Tikka Masala,Albariño,Balances the acidity and spiciness.,Spanish
Seafood Risotto,Malbec,"Complements the rich, creamy texture.",Thai
Spaghetti Carbonara,Sauvignon Blanc,Balances the acidity and spiciness.,Spanish
Roasted Chicken,Malbec,"Complements the rich, creamy texture.",Thai
Grilled Salmon,Syrah,Cuts through the richness.,Mediterranean
Spinach and Ricotta Ravioli,Verdelho,Cuts through the richness.,Mexican
Caesar Salad,Shiraz,Harmonizes beautifully with the smoky undertones.,Mexican
Caesar Salad,Zinfandel,Balances the acidity and spiciness.,Japanese
Roasted Chicken,Tempranillo,Enhances the savory elements of the dish.,Chinese
Chicken Tikka Masala,Prosecco,Enhances the savory elements of the dish.,Japanese
Caesar Salad,Merlot,"Complements the rich, creamy texture.",American
Vegetarian Lasagna,Chardonnay,Highlights the dish's herbal notes.,Indian
BBQ Pork Ribs,Chianti,Pairs well with the bold flavors.,American
BBQ Pork Ribs,Verdelho,Enhances the savory elements of the dish.,Indian
Chocolate Tart,Merlot,Highlights the dish's herbal notes.,Indian
Chicken Tikka Masala,Verdelho,Brings out the sweetness of the food.,Chinese
Stuffed Bell Peppers,Verdelho,Balances the acidity and spiciness.,French
Grilled Salmon,Rosé,"Complements the rich, creamy texture.",Italian
Wild Mushroom Risotto,Malbec,Cuts through the richness.,Indian
Duck Breast,Champagne,Enhances the savory elements of the dish.,Chinese
Spaghetti Carbonara,Verdelho,Highlights the dish's herbal notes.,Italian
Eggplant Parmesan,Zinfandel,Cuts through the richness.,Indian
Wild Mushroom Risotto,Moscato,"Complements the rich, creamy texture.",Spanish
Roasted Chicken,Pinot Noir,Highlights the dish's herbal notes.,Indian
Roasted Chicken,Pinot Noir,Cuts through the richness.,Chinese
Chicken Tikka Masala,Chianti,Cuts through the richness.,Mediterranean
Chocolate Tart,Port,Perfect for the sweet and salty combination.,Italian
Cheese Platter,Port,Pairs well with the bold flavors.,Japanese
BBQ Pork Ribs,Albariño,Cuts through the richness.,Mediterranean
BBQ Pork Ribs,Merlot,Balances the acidity and spiciness.,Japanese
Vegetarian Lasagna,Port,Highlights the dish's herbal notes.,Mediterranean
Eggplant Parmesan,Riesling,Highlights the dish's herbal notes.,Japanese
Chocolate Tart,Moscato,Enhances the savory elements of the dish.,Italian
Vegetarian Lasagna,Champagne,Cuts through the richness.,Chinese
Roasted Chicken,Prosecco,"Complements the rich, creamy texture.",Chinese
Grilled Salmon,Moscato,Pairs well with the bold flavors.,Indian
Stuffed Bell Peppers,Chianti,Highlights the dish's herbal notes.,Thai
Lamb Chops,Syrah,"Complements the rich, creamy texture.",Italian
Duck Breast,Pinot Noir,Brings out the sweetness of the food.,Japanese
Shrimp Scampi,Chianti,Pairs well with the bold flavors.,Mediterranean
Caesar Salad,Chardonnay,Brings out the sweetness of the food.,Thai
Cheese Platter,Rosé,Cuts through the richness.,Mediterranean
Chocolate Tart,Champagne,Balances the acidity and spiciness.,Indian
Stuffed Bell Peppers,Rosé,Harmonizes beautifully with the smoky undertones.,Indian
Beef Wellington,Chardonnay,"Complements the rich, creamy texture.",Mexican
Vegetarian Lasagna,Shiraz,"Complements the rich, creamy texture.",Indian
Cheese Platter,Cabernet Sauvignon,Pairs well with the bold flavors.,French
Lamb Chops,Tempranillo,Perfect for the sweet and salty combination.,Mexican
Wild Mushroom Risotto,Sauvignon Blanc,Cuts through the richness.,Italian
Caesar Salad,Zinfandel,Perfect for the sweet and salty combination.,Japanese
Spaghetti Carbonara,Rosé,Pairs well with the bold flavors.,Chinese
Cheese Platter,Riesling,Enhances the savory elements of the dish.,Italian
BBQ Pork Ribs,Malbec,Brings out the sweetness of the food.,Italian
Stuffed Bell Peppers,Chianti,Cuts through the richness.,French
Spinach and Ricotta Ravioli,Merlot,"Complements the rich, creamy texture.",Mediterranean
Cheese Platter,Chardonnay,Harmonizes beautifully with the smoky undertones.,Thai
Spaghetti Carbonara,Riesling,Cuts through the richness.,American
Spaghetti Carbonara,Moscato,Highlights the dish's herbal notes.,Japanese
Wild Mushroom Risotto,Champagne,"Complements the rich, creamy texture.",Spanish
Shrimp Scampi,Riesling,"Complements the rich, creamy texture.",American
Roasted Chicken,Champagne,Adds a refreshing contrast.,Chinese
Beef Wellington,Cabernet Sauvignon,Brings out the sweetness of the food.,Mexican
Beef Wellington,Albariño,Highlights the dish's herbal notes.,Indian
Spinach and Ricotta Ravioli,Grenache,"Complements the rich, creamy texture.",Chinese
Duck Breast,Cabernet Sauvignon,Cuts through the richness.,Thai
Seafood Risotto,Chardonnay,Adds a refreshing contrast.,Chinese
Duck Breast,Prosecco,Adds a refreshing contrast.,American
Duck Breast,Sauvignon Blanc,Perfect for the sweet and salty combination.,Indian
Tuna Tartare,Moscato,Cuts through the richness.,Japanese
Seafood Risotto,Albariño,Adds a refreshing contrast.,French
Vegetarian Lasagna,Chardonnay,Balances the acidity and spiciness.,Mexican
Spaghetti Carbonara,Chianti,Adds a refreshing contrast.,Italian
Seafood Risotto,Port,Enhances the savory elements of the dish.,Indian
Chicken Tikka Masala,Shiraz,Highlights the dish's herbal notes.,Mediterranean
Vegetarian Lasagna,Malbec,Harmonizes beautifully with the smoky undertones.,Spanish
Chicken Tikka Masala,Port,Enhances the savory elements of the dish.,French
Duck Breast,Champagne,Enhances the savory elements of the dish.,French
Stuffed Bell Peppers,Shiraz,Cuts through the richness.,French
Lamb Chops,Zinfandel,Brings out the sweetness of the food.,Mexican
Roasted Chicken,Zinfandel,Brings out the sweetness of the food.,Indian
Grilled Salmon,Merlot,Cuts through the richness.,Spanish
Roasted Chicken,Zinfandel,Harmonizes beautifully with the smoky undertones.,Spanish
Duck Breast,Shiraz,Brings out the sweetness of the food.,Japanese
Tuna Tartare,Malbec,Highlights the dish's herbal notes.,Mediterranean
Wild Mushroom Risotto,Riesling,Highlights the dish's herbal notes.,American
Roasted Chicken,Zinfandel,Perfect for the sweet and salty combination.,American
BBQ Pork Ribs,Rosé,"Complements the rich, creamy texture.",Indian
Duck Breast,Albariño,Perfect for the sweet and salty combination.,Italian
Spinach and Ricotta Ravioli,Tempranillo,Pairs well with the bold flavors.,French
Wild Mushroom Risotto,Verdelho,Pairs well with the bold flavors.,Mediterranean
Stuffed Bell Peppers,Verdelho,Perfect for the sweet and salty combination.,Indian
Spaghetti Carbonara,Syrah,Balances the acidity and spiciness.,Indian
Lamb Chops,Grenache,Brings out the sweetness of the food.,Chinese
Grilled Steak,Riesling,Enhances the savory elements of the dish.,Indian
Chocolate Tart,Albariño,Highlights the dish's herbal notes.,Chinese
Chocolate Tart,Shiraz,Balances the acidity and spiciness.,Japanese
Cheese Platter,Tempranillo,Perfect for the sweet and salty combination.,Italian
Cheese Platter,Pinot Noir,Perfect for the sweet and salty combination.,French
BBQ Pork Ribs,Chardonnay,Adds a refreshing contrast.,Mediterranean
Spinach and Ricotta Ravioli,Shiraz,Highlights the dish's herbal notes.,Japanese
Cheese Platter,Albariño,Pairs well with the bold flavors.,Chinese
Chicken Tikka Masala,Chardonnay,Perfect for the sweet and salty combination.,Mediterranean
Stuffed Bell Peppers,Albariño,Perfect for the sweet and salty combination.,French
Spaghetti Carbonara,Prosecco,Perfect for the sweet and salty combination.,Mediterranean
Chicken Tikka Masala,Champagne,Pairs well with the bold flavors.,American
Vegetarian Lasagna,Albariño,"Complements the rich, creamy texture.",American
Cheese Platter,Rosé,Pairs well with the bold flavors.,French
Lamb Chops,Port,Brings out the sweetness of the food.,Mexican
Roasted Chicken,Shiraz,Enhances the savory elements of the dish.,Chinese
Vegetarian Lasagna,Albariño,Balances the acidity and spiciness.,Japanese
Chicken Tikka Masala,Merlot,Adds a refreshing contrast.,Japanese
Seafood Risotto,Pinot Noir,Enhances the savory elements of the dish.,Spanish
Beef Wellington,Merlot,Enhances the savory elements of the dish.,Spanish
Spinach and Ricotta Ravioli,Albariño,Balances the acidity and spiciness.,Mexican
Cheese Platter,Moscato,"Complements the rich, creamy texture.",French
Lamb Chops,Port,"Complements the rich, creamy texture.",Thai
Roasted Chicken,Chardonnay,Cuts through the richness.,Mediterranean
Grilled Salmon,Merlot,Highlights the dish's herbal notes.,Indian
Grilled Steak,Syrah,Harmonizes beautifully with the smoky undertones.,American
Wild Mushroom Risotto,Champagne,Cuts through the richness.,Spanish
Tuna Tartare,Rosé,Highlights the dish's herbal notes.,Spanish
Stuffed Bell Peppers,Pinot Noir,Cuts through the richness.,Thai
Grilled Salmon,Albariño,Pairs well with the bold flavors.,Mexican
Wild Mushroom Risotto,Syrah,Perfect for the sweet and salty combination.,Spanish
Caesar Salad,Riesling,Harmonizes beautifully with the smoky undertones.,Japanese
Spaghetti Carbonara,Chardonnay,Brings out the sweetness of the food.,Italian
Spaghetti Carbonara,Chianti,"Complements the rich, creamy texture.",American
Caesar Salad,Sauvignon Blanc,Balances the acidity and spiciness.,Indian
Vegetarian Lasagna,Riesling,Cuts through the richness.,Italian
Grilled Salmon,Shiraz,"Complements the rich, creamy texture.",Thai
Chocolate Tart,Port,Perfect for the sweet and salty combination.,Spanish
Spinach and Ricotta Ravioli,Champagne,Balances the acidity and spiciness.,Japanese
Caesar Salad,Grenache,Adds a refreshing contrast.,Mediterranean
Vegetarian Lasagna,Prosecco,Perfect for the sweet and salty combination.,Mediterranean
Chocolate Tart,Malbec,Balances the acidity and spiciness.,Chinese
Grilled Steak,Merlot,Balances the acidity and spiciness.,American
Seafood Risotto,Malbec,Highlights the dish's herbal notes.,Spanish
Shrimp Scampi,Port,Adds a refreshing contrast.,Mexican
Grilled Salmon,Grenache,Pairs well with the bold flavors.,Mediterranean
Cheese Platter,Chardonnay,Adds a refreshing contrast.,Japanese
Wild Mushroom Risotto,Prosecco,Balances the acidity and spiciness.,American
Eggplant Parmesan,Champagne,"Complements the rich, creamy texture.",Japanese
Lamb Chops,Champagne,Adds a refreshing contrast.,Japanese
Stuffed Bell Peppers,Zinfandel,Harmonizes beautifully with the smoky undertones.,American
Lamb Chops,Sauvignon Blanc,Pairs well with the bold flavors.,Mexican
Spinach and Ricotta Ravioli,Malbec,Pairs well with the bold flavors.,Spanish
Grilled Steak,Moscato,Pairs well with the bold flavors.,Mexican
Duck Breast,Moscato,Harmonizes beautifully with the smoky undertones.,Mexican
Tuna Tartare,Moscato,Highlights the dish's herbal notes.,Japanese
Tuna Tartare,Merlot,"Complements the rich, creamy texture.",Spanish
Caesar Salad,Moscato,Harmonizes beautifully with the smoky undertones.,French
Beef Wellington,Champagne,Cuts through the richness.,Spanish
Roasted Chicken,Pinot Noir,"Complements the rich, creamy texture.",Mexican
Stuffed Bell Peppers,Tempranillo,Perfect for the sweet and salty combination.,Chinese
Duck Breast,Verdelho,Perfect for the sweet and salty combination.,Indian
Grilled Steak,Port,Highlights the dish's herbal notes.,Mediterranean
Beef Wellington,Shiraz,Enhances the savory elements of the dish.,Japanese
Seafood Risotto,Port,Brings out the sweetness of the food.,Mediterranean
Caesar Salad,Verdelho,Adds a refreshing contrast.,French
Duck Breast,Tempranillo,Perfect for the sweet and salty combination.,Italian
Spinach and Ricotta Ravioli,Chardonnay,Brings out the sweetness of the food.,Thai
Chicken Tikka Masala,Zinfandel,Pairs well with the bold flavors.,Italian
Grilled Steak,Albariño,Enhances the savory elements of the dish.,Mediterranean
Lamb Chops,Grenache,Cuts through the richness.,Japanese
Grilled Steak,Pinot Noir,Pairs well with the bold flavors.,Mexican
Cheese Platter,Grenache,Highlights the dish's herbal notes.,American
Eggplant Parmesan,Prosecco,"Complements the rich, creamy texture.",French
Chocolate Tart,Champagne,Highlights the dish's herbal notes.,Italian
Duck Breast,Syrah,Cuts through the richness.,French
Grilled Steak,Tempranillo,Balances the acidity and spiciness.,Spanish
Beef Wellington,Champagne,Pairs well with the bold flavors.,Thai
Wild Mushroom Risotto,Rosé,Adds a refreshing contrast.,Mediterranean
Vegetarian Lasagna,Champagne,Pairs well with the bold flavors.,Japanese
Tuna Tartare,Syrah,Adds a refreshing contrast.,Thai
Lamb Chops,Chianti,Harmonizes beautifully with the smoky undertones.,Italian
Seafood Risotto,Verdelho,Harmonizes beautifully with the smoky undertones.,Mediterranean
Shrimp Scampi,Chardonnay,Brings out the sweetness of the food.,Chinese
BBQ Pork Ribs,Tempranillo,Enhances the savory elements of the dish.,Indian
Spaghetti Carbonara,Zinfandel,Perfect for the sweet and salty combination.,Thai
Beef Wellington,Chardonnay,Pairs well with the bold flavors.,Thai
Tuna Tartare,Merlot,Perfect for the sweet and salty combination.,Japanese
Grilled Salmon,Shiraz,Enhances the savory elements of the dish.,Spanish
Stuffed Bell Peppers,Chardonnay,Harmonizes beautifully with the smoky undertones.,Indian
Spaghetti Carbonara,Albariño,Brings out the sweetness of the food.,Thai
Grilled Steak,Riesling,"Complements the rich, creamy texture.",Mexican
Eggplant Parmesan,Verdelho,Balances the acidity and spiciness.,Mexican
Grilled Salmon,Rosé,Enhances the savory elements of the dish.,Spanish
Shrimp Scampi,Moscato,Brings out the sweetness of the food.,Spanish
Beef Wellington,Malbec,Pairs well with the bold flavors.,Mediterranean
Caesar Salad,Sauvignon Blanc,Balances the acidity and spiciness.,Italian
Lamb Chops,Zinfandel,"Complements the rich, creamy texture.",Spanish
Tuna Tartare,Prosecco,Adds a refreshing contrast.,Thai
Seafood Risotto,Shiraz,Balances the acidity and spiciness.,Mexican
Chicken Tikka Masala,Shiraz,Enhances the savory elements of the dish.,Mexican
BBQ Pork Ribs,Grenache,Highlights the dish's herbal notes.,American
Grilled Salmon,Cabernet Sauvignon,Adds a refreshing contrast.,Mexican
Stuffed Bell Peppers,Moscato,Adds a refreshing contrast.,Mexican
Tuna Tartare,Moscato,Adds a refreshing contrast.,Mediterranean
Cheese Platter,Chardonnay,Enhances the savory elements of the dish.,Italian
Spinach and Ricotta Ravioli,Riesling,Pairs well with the bold flavors.,Mexican
Shrimp Scampi,Champagne,Brings out the sweetness of the food.,Mediterranean
Stuffed Bell Peppers,Syrah,Enhances the savory elements of the dish.,Mexican
Chicken Tikka Masala,Cabernet Sauvignon,Cuts through the richness.,Indian
Grilled Salmon,Merlot,"Complements the rich, creamy texture.",Italian
Grilled Steak,Riesling,Brings out the sweetness of the food.,Mexican
Shrimp Scampi,Pinot Noir,Adds a refreshing contrast.,Italian
Grilled Steak,Prosecco,Adds a refreshing contrast.,Japanese
Caesar Salad,Zinfandel,Perfect for the sweet and salty combination.,Spanish
Chicken Tikka Masala,Albariño,"Complements the rich, creamy texture.",Mexican
Shrimp Scampi,Tempranillo,Perfect for the sweet and salty combination.,Spanish
BBQ Pork Ribs,Syrah,Perfect for the sweet and salty combination.,Italian
Grilled Salmon,Chardonnay,Enhances the savory elements of the dish.,Japanese
Caesar Salad,Shiraz,Highlights the dish's herbal notes.,Mediterranean
Duck Breast,Riesling,Harmonizes beautifully with the smoky undertones.,French
Wild Mushroom Risotto,Champagne,Perfect for the sweet and salty combination.,Mediterranean
Eggplant Parmesan,Chianti,Highlights the dish's herbal notes.,French
BBQ Pork Ribs,Cabernet Sauvignon,Enhances the savory elements of the dish.,Mexican
Grilled Salmon,Shiraz,Perfect for the sweet and salty combination.,Spanish
Wild Mushroom Risotto,Port,Cuts through the richness.,Mediterranean
Roasted Chicken,Port,Highlights the dish's herbal notes.,Japanese
Stuffed Bell Peppers,Prosecco,Brings out the sweetness of the food.,Chinese
Shrimp Scampi,Zinfandel,Enhances the savory elements of the dish.,Mediterranean
Lamb Chops,Syrah,Highlights the dish's herbal notes.,Chinese
Seafood Risotto,Chardonnay,Pairs well with the bold flavors.,French
Grilled Steak,Shiraz,Cuts through the richness.,Chinese
Duck Breast,Sauvignon Blanc,Highlights the dish's herbal notes.,French
Duck Breast,Tempranillo,Cuts through the richness.,French
Spinach and Ricotta Ravioli,Tempranillo,Balances the acidity and spiciness.,Indian
Shrimp Scampi,Malbec,"Complements the rich, creamy texture.",American
Shrimp Scampi,Verdelho,Perfect for the sweet and salty combination.,Mexican
Lamb Chops,Verdelho,Perfect for the sweet and salty combination.,French
Beef Wellington,Albariño,Enhances the savory elements of the dish.,Mexican
Beef Wellington,Prosecco,Adds a refreshing contrast.,Indian
BBQ Pork Ribs,Rosé,Perfect for the sweet and salty combination.,Mexican
Chicken Tikka Masala,Port,Balances the acidity and spiciness.,Indian
Caesar Salad,Grenache,Highlights the dish's herbal notes.,Mediterranean
Roasted Chicken,Moscato,Enhances the savory elements of the dish.,Thai
BBQ Pork Ribs,Pinot Noir,Balances the acidity and spiciness.,Spanish
Stuffed Bell Peppers,Riesling,Balances the acidity and spiciness.,Mexican
Caesar Salad,Champagne,Highlights the dish's herbal notes.,Spanish
Grilled Salmon,Malbec,"Complements the rich, creamy texture.",Mexican
Shrimp Scampi,Verdelho,Harmonizes beautifully with the smoky undertones.,Thai
Seafood Risotto,Albariño,Highlights the dish's herbal notes.,Mediterranean
Chocolate Tart,Pinot Noir,Brings out the sweetness of the food.,Indian
Duck Breast,Zinfandel,Harmonizes beautifully with the smoky undertones.,Italian
BBQ Pork Ribs,Port,Enhances the savory elements of the dish.,Italian
Chocolate Tart,Malbec,Perfect for the sweet and salty combination.,Japanese
Shrimp Scampi,Chardonnay,Balances the acidity and spiciness.,Thai
Lamb Chops,Zinfandel,Enhances the savory elements of the dish.,Mediterranean
Vegetarian Lasagna,Riesling,Brings out the sweetness of the food.,Spanish
Shrimp Scampi,Champagne,Perfect for the sweet and salty combination.,Mediterranean
Vegetarian Lasagna,Albariño,Adds a refreshing contrast.,Spanish
Cheese Platter,Riesling,Brings out the sweetness of the food.,American
Spinach and Ricotta Ravioli,Grenache,Highlights the dish's herbal notes.,Mediterranean
Vegetarian Lasagna,Riesling,Adds a refreshing contrast.,Indian
Stuffed Bell Peppers,Moscato,Brings out the sweetness of the food.,Japanese
Wild Mushroom Risotto,Sauvignon Blanc,Highlights the dish's herbal notes.,Italian
Grilled Salmon,Champagne,Balances the acidity and spiciness.,Spanish
Eggplant Parmesan,Shiraz,Pairs well with the bold flavors.,Indian
Seafood Risotto,Pinot Noir,Cuts through the richness.,Japanese
Seafood Risotto,Pinot Noir,Harmonizes beautifully with the smoky undertones.,Chinese
Cheese Platter,Moscato,Cuts through the richness.,Spanish
Seafood Risotto,Pinot Noir,Adds a refreshing contrast.,Mediterranean
Duck Breast,Chardonnay,Harmonizes beautifully with the smoky undertones.,Spanish
Spaghetti Carbonara,Albariño,Brings out the sweetness of the food.,Mediterranean
Shrimp Scampi,Port,Brings out the sweetness of the food.,French
Lamb Chops,Champagne,"Complements the rich, creamy texture.",Thai
Seafood Risotto,Champagne,Pairs well with the bold flavors.,Indian
Seafood Risotto,Grenache,"Complements the rich, creamy texture.",Japanese
Wild Mushroom Risotto,Prosecco,Enhances the savory elements of the dish.,American
Lamb Chops,Cabernet Sauvignon,Cuts through the richness.,Mexican
Chicken Tikka Masala,Malbec,Harmonizes beautifully with the smoky undertones.,Mexican
Grilled Salmon,Champagne,Brings out the sweetness of the food.,Mexican
Grilled Steak,Sauvignon Blanc,Enhances the savory elements of the dish.,Thai
Lamb Chops,Prosecco,Harmonizes beautifully with the smoky undertones.,Thai
Caesar Salad,Prosecco,Harmonizes beautifully with the smoky undertones.,French
Caesar Salad,Shiraz,Adds a refreshing contrast.,Italian
BBQ Pork Ribs,Syrah,Perfect for the sweet and salty combination.,Spanish
Chicken Tikka Masala,Chianti,Adds a refreshing contrast.,American
Grilled Salmon,Rosé,Harmonizes beautifully with the smoky undertones.,Mediterranean
Grilled Salmon,Sauvignon Blanc,"Complements the rich, creamy texture.",Italian
Stuffed Bell Peppers,Chardonnay,Adds a refreshing contrast.,French
Caesar Salad,Riesling,Enhances the savory elements of the dish.,Chinese
Spaghetti Carbonara,Port,Harmonizes beautifully with the smoky undertones.,French
Grilled Salmon,Chardonnay,Highlights the dish's herbal notes.,Mexican
Seafood Risotto,Zinfandel,Harmonizes beautifully with the smoky undertones.,Spanish
Tuna Tartare,Verdelho,Harmonizes beautifully with the smoky undertones.,French
Chicken Tikka Masala,Chardonnay,Enhances the savory elements of the dish.,Mexican
Grilled Salmon,Merlot,Brings out the sweetness of the food.,Spanish
Wild Mushroom Risotto,Syrah,Pairs well with the bold flavors.,Italian
Shrimp Scampi,Sauvignon Blanc,Harmonizes beautifully with the smoky undertones.,Italian
Eggplant Parmesan,Malbec,Harmonizes beautifully with the smoky undertones.,Japanese
Caesar Salad,Chardonnay,Balances the acidity and spiciness.,Mediterranean
Eggplant Parmesan,Pinot Noir,Balances the acidity and spiciness.,American
Grilled Salmon,Chardonnay,Perfect for the sweet and salty combination.,Italian
Tuna Tartare,Riesling,Pairs well with the bold flavors.,Indian
Chicken Tikka Masala,Cabernet Sauvignon,"Complements the rich, creamy texture.",French
Tuna Tartare,Zinfandel,Harmonizes beautifully with the smoky undertones.,American
Duck Breast,Verdelho,Adds a refreshing contrast.,Mexican
Grilled Steak,Syrah,"Complements the rich, creamy texture.",Spanish
Eggplant Parmesan,Pinot Noir,Adds a refreshing contrast.,French
Chocolate Tart,Chardonnay,Balances the acidity and spiciness.,French
Duck Breast,Chianti,"Complements the rich, creamy texture.",Mexican
Eggplant Parmesan,Chianti,Balances the acidity and spiciness.,French
Grilled Salmon,Syrah,Perfect for the sweet and salty combination.,Spanish
Grilled Steak,Rosé,"Complements the rich, creamy texture.",Italian
Seafood Risotto,Riesling,Pairs well with the bold flavors.,Mediterranean
Seafood Risotto,Champagne,Perfect for the sweet and salty combination.,Spanish
Grilled Steak,Sauvignon Blanc,Pairs well with the bold flavors.,French
Duck Breast,Syrah,Cuts through the richness.,Thai
Vegetarian Lasagna,Moscato,Harmonizes beautifully with the smoky undertones.,Mediterranean
Cheese Platter,Albariño,Highlights the dish's herbal notes.,Chinese
Seafood Risotto,Zinfandel,Balances the acidity and spiciness.,Italian
Cheese Platter,Malbec,"Complements the rich, creamy texture.",American
Cheese Platter,Prosecco,Brings out the sweetness of the food.,Mexican
Caesar Salad,Chardonnay,Perfect for the sweet and salty combination.,Mediterranean
Cheese Platter,Riesling,Brings out the sweetness of the food.,Mexican
Duck Breast,Port,"Complements the rich, creamy texture.",Mexican
Vegetarian Lasagna,Grenache,Cuts through the richness.,Mexican
Lamb Chops,Champagne,Enhances the savory elements of the dish.,Mexican
Cheese Platter,Verdelho,Highlights the dish's herbal notes.,Mexican
Duck Breast,Pinot Noir,Adds a refreshing contrast.,Indian
Shrimp Scampi,Sauvignon Blanc,Balances the acidity and spiciness.,Mexican
Eggplant Parmesan,Champagne,Cuts through the richness.,French
BBQ Pork Ribs,Zinfandel,Adds a refreshing contrast.,Indian
Wild Mushroom Risotto,Chianti,Enhances the savory elements of the dish.,Chinese
Grilled Salmon,Rosé,Highlights the dish's herbal notes.,Japanese
Duck Breast,Port,Perfect for the sweet and salty combination.,Mediterranean
Spinach and Ricotta Ravioli,Sauvignon Blanc,Cuts through the richness.,Chinese
Caesar Salad,Merlot,Adds a refreshing contrast.,Japanese
Seafood Risotto,Syrah,Enhances the savory elements of the dish.,Mediterranean
Spinach and Ricotta Ravioli,Champagne,Cuts through the richness.,Japanese
Seafood Risotto,Port,Perfect for the sweet and salty combination.,French
Stuffed Bell Peppers,Port,Perfect for the sweet and salty combination.,Japanese
Tuna Tartare,Zinfandel,Brings out the sweetness of the food.,Mediterranean
Cheese Platter,Chardonnay,Highlights the dish's herbal notes.,French
BBQ Pork Ribs,Rosé,Perfect for the sweet and salty combination.,Japanese
Stuffed Bell Peppers,Rosé,Cuts through the richness.,Thai
Beef Wellington,Pinot Noir,Adds a refreshing contrast.,American
Beef Wellington,Grenache,Adds a refreshing contrast.,Japanese
Chicken Tikka Masala,Verdelho,Adds a refreshing contrast.,Spanish
Shrimp Scampi,Shiraz,Balances the acidity and spiciness.,Mexican
Chocolate Tart,Sauvignon Blanc,Highlights the dish's herbal notes.,Spanish
Grilled Steak,Prosecco,Adds a refreshing contrast.,Indian
Spaghetti Carbonara,Port,Cuts through the richness.,Thai
Chocolate Tart,Champagne,Pairs well with the bold flavors.,Mexican
Beef Wellington,Chardonnay,Perfect for the sweet and salty combination.,American
Seafood Risotto,Pinot Noir,Brings out the sweetness of the food.,Indian
Duck Breast,Rosé,Highlights the dish's herbal notes.,Indian
Wild Mushroom Risotto,Shiraz,Pairs well with the bold flavors.,Thai
Roasted Chicken,Tempranillo,Highlights the dish's herbal notes.,Chinese
Wild Mushroom Risotto,Albariño,Perfect for the sweet and salty combination.,Chinese
Seafood Risotto,Grenache,"Complements the rich, creamy texture.",Italian
Vegetarian Lasagna,Syrah,Adds a refreshing contrast.,French
Spaghetti Carbonara,Cabernet Sauvignon,Pairs well with the bold flavors.,Thai
Spinach and Ricotta Ravioli,Champagne,Perfect for the sweet and salty combination.,Indian
Spinach and Ricotta Ravioli,Verdelho,Enhances the savory elements of the dish.,Mediterranean
Vegetarian Lasagna,Tempranillo,Perfect for the sweet and salty combination.,Italian
Spaghetti Carbonara,Riesling,Brings out the sweetness of the food.,Thai
Grilled Steak,Albariño,Harmonizes beautifully with the smoky undertones.,Spanish
Grilled Steak,Sauvignon Blanc,Adds a refreshing contrast.,Chinese
Cheese Platter,Syrah,Pairs well with the bold flavors.,Chinese
Grilled Steak,Cabernet Sauvignon,"Complements the rich, creamy texture.",American
Shrimp Scampi,Cabernet Sauvignon,Cuts through the richness.,French
Seafood Risotto,Malbec,Pairs well with the bold flavors.,Mexican
Roasted Chicken,Merlot,Highlights the dish's herbal notes.,Italian
Grilled Salmon,Chardonnay,Cuts through the richness.,Thai
Beef Wellington,Verdelho,"Complements the rich, creamy texture.",Indian
Stuffed Bell Peppers,Rosé,Enhances the savory elements of the dish.,Mexican
Spaghetti Carbonara,Cabernet Sauvignon,Cuts through the richness.,Thai
Beef Wellington,Champagne,Highlights the dish's herbal notes.,French
Beef Wellington,Cabernet Sauvignon,Brings out the sweetness of the food.,Spanish
Shrimp Scampi,Malbec,Brings out the sweetness of the food.,Japanese
Caesar Salad,Riesling,Balances the acidity and spiciness.,Italian
Stuffed Bell Peppers,Merlot,Harmonizes beautifully with the smoky undertones.,Spanish
Spaghetti Carbonara,Sauvignon Blanc,Harmonizes beautifully with the smoky undertones.,Italian
BBQ Pork Ribs,Shiraz,Perfect for the sweet and salty combination.,American
Wild Mushroom Risotto,Champagne,Balances the acidity and spiciness.,Mexican
Stuffed Bell Peppers,Champagne,Perfect for the sweet and salty combination.,Mexican
Beef Wellington,Sauvignon Blanc,Cuts through the richness.,Thai
BBQ Pork Ribs,Port,Pairs well with the bold flavors.,French
Tuna Tartare,Tempranillo,Enhances the savory elements of the dish.,Mexican
Spaghetti Carbonara,Tempranillo,"Complements the rich, creamy texture.",Mediterranean
Grilled Salmon,Cabernet Sauvignon,Balances the acidity and spiciness.,Japanese
Chocolate Tart,Sauvignon Blanc,Perfect for the sweet and salty combination.,Italian
Seafood Risotto,Syrah,Balances the acidity and spiciness.,Mexican
Wild Mushroom Risotto,Verdelho,Highlights the dish's herbal notes.,Mexican
Cheese Platter,Riesling,Pairs well with the bold flavors.,Italian
Chocolate Tart,Malbec,Cuts through the richness.,Indian
Chocolate Tart,Syrah,Pairs well with the bold flavors.,Thai
Eggplant Parmesan,Chardonnay,Cuts through the richness.,Italian
Vegetarian Lasagna,Pinot Noir,Brings out the sweetness of the food.,Mediterranean
Caesar Salad,Verdelho,Balances the acidity and spiciness.,Mediterranean
Caesar Salad,Prosecco,Brings out the sweetness of the food.,Mediterranean
Eggplant Parmesan,Rosé,Pairs well with the bold flavors.,Chinese
Shrimp Scampi,Tempranillo,Adds a refreshing contrast.,Spanish
Seafood Risotto,Albariño,Highlights the dish's herbal notes.,Thai
Seafood Risotto,Shiraz,"Complements the rich, creamy texture.",Chinese
Shrimp Scampi,Champagne,Balances the acidity and spiciness.,Thai
Cheese Platter,Shiraz,Harmonizes beautifully with the smoky undertones.,Mexican
Spinach and Ricotta Ravioli,Syrah,Brings out the sweetness of the food.,Chinese
Seafood Risotto,Rosé,Adds a refreshing contrast.,French
Roasted Chicken,Pinot Noir,Cuts through the richness.,Chinese
Shrimp Scampi,Tempranillo,Harmonizes beautifully with the smoky undertones.,American
BBQ Pork Ribs,Cabernet Sauvignon,Cuts through the richness.,Chinese
BBQ Pork Ribs,Chardonnay,Enhances the savory elements of the dish.,Mediterranean
Chocolate Tart,Prosecco,Highlights the dish's herbal notes.,Chinese
Grilled Steak,Tempranillo,Brings out the sweetness of the food.,Spanish
BBQ Pork Ribs,Chardonnay,Balances the acidity and spiciness.,Chinese
Grilled Salmon,Grenache,Balances the acidity and spiciness.,American
Eggplant Parmesan,Chianti,"Complements the rich, creamy texture.",Thai
Roasted Chicken,Tempranillo,Balances the acidity and spiciness.,French
Shrimp Scampi,Syrah,Enhances the savory elements of the dish.,Thai
Tuna Tartare,Pinot Noir,"Complements the rich, creamy texture.",Japanese
BBQ Pork Ribs,Syrah,Cuts through the richness.,Spanish
Grilled Steak,Port,Highlights the dish's herbal notes.,Spanish
Shrimp Scampi,Sauvignon Blanc,Pairs well with the bold flavors.,Mexican
Roasted Chicken,Pinot Noir,Balances the acidity and spiciness.,American
Wild Mushroom Risotto,Rosé,Highlights the dish's herbal notes.,Thai
Caesar Salad,Zinfandel,Highlights the dish's herbal notes.,Mediterranean
Tuna Tartare,Merlot,Cuts through the richness.,Japanese
Beef Wellington,Chardonnay,Highlights the dish's herbal notes.,Mediterranean
Shrimp Scampi,Chardonnay,"Complements the rich, creamy texture.",Mexican
Eggplant Parmesan,Riesling,"Complements the rich, creamy texture.",Italian
BBQ Pork Ribs,Albariño,Brings out the sweetness of the food.,Mediterranean
Stuffed Bell Peppers,Merlot,Harmonizes beautifully with the smoky undertones.,Spanish
Spinach and Ricotta Ravioli,Cabernet Sauvignon,Adds a refreshing contrast.,French
Spaghetti Carbonara,Prosecco,Harmonizes beautifully with the smoky undertones.,Thai
Chocolate Tart,Pinot Noir,Enhances the savory elements of the dish.,Mediterranean
Beef Wellington,Syrah,"Complements the rich, creamy texture.",Japanese
Vegetarian Lasagna,Albariño,Harmonizes beautifully with the smoky undertones.,French
Wild Mushroom Risotto,Shiraz,Cuts through the richness.,Spanish
Lamb Chops,Moscato,"Complements the rich, creamy texture.",American
Chocolate Tart,Zinfandel,Cuts through the richness.,Spanish
Cheese Platter,Moscato,Pairs well with the bold flavors.,Mexican
Seafood Risotto,Syrah,Harmonizes beautifully with the smoky undertones.,Japanese
Chicken Tikka Masala,Verdelho,Balances the acidity and spiciness.,Mexican
Beef Wellington,Riesling,Enhances the savory elements of the dish.,Chinese
Chicken Tikka Masala,Albariño,Cuts through the richness.,Thai
Spaghetti Carbonara,Cabernet Sauvignon,Enhances the savory elements of the dish.,Mediterranean
Chocolate Tart,Moscato,Highlights the dish's herbal notes.,American
Grilled Steak,Zinfandel,Harmonizes beautifully with the smoky undertones.,Mediterranean
Beef Wellington,Tempranillo,Highlights the dish's herbal notes.,American
Eggplant Parmesan,Verdelho,Cuts through the richness.,French
Chicken Tikka Masala,Grenache,Perfect for the sweet and salty combination.,American
Spaghetti Carbonara,Verdelho,Balances the acidity and spiciness.,Mediterranean
Spaghetti Carbonara,Rosé,Enhances the savory elements of the dish.,Italian
Vegetarian Lasagna,Port,Brings out the sweetness of the food.,Spanish
Duck Breast,Port,Harmonizes beautifully with the smoky undertones.,Mexican
Chicken Tikka Masala,Merlot,Pairs well with the bold flavors.,American
Shrimp Scampi,Merlot,Cuts through the richness.,Spanish
Caesar Salad,Merlot,Adds a refreshing contrast.,Japanese
Tuna Tartare,Shiraz,Brings out the sweetness of the food.,Japanese
Tuna Tartare,Riesling,Pairs well with the bold flavors.,Italian
Spinach and Ricotta Ravioli,Pinot Noir,Enhances the savory elements of the dish.,Mexican
Cheese Platter,Riesling,Adds a refreshing contrast.,Thai
Roasted Chicken,Pinot Noir,Adds a refreshing contrast.,American
BBQ Pork Ribs,Shiraz,Enhances the savory elements of the dish.,Italian
Wild Mushroom Risotto,Zinfandel,Pairs well with the bold flavors.,Mediterranean
Lamb Chops,Grenache,Balances the acidity and spiciness.,Thai
Duck Breast,Pinot Noir,Perfect for the sweet and salty combination.,American
Grilled Salmon,Malbec,Perfect for the sweet and salty combination.,Thai
Lamb Chops,Grenache,Adds a refreshing contrast.,Thai
Tuna Tartare,Zinfandel,Cuts through the richness.,Indian
Grilled Salmon,Tempranillo,Perfect for the sweet and salty combination.,Spanish
Spaghetti Carbonara,Tempranillo,Perfect for the sweet and salty combination.,French
Wild Mushroom Risotto,Cabernet Sauvignon,"Complements the rich, creamy texture.",Spanish
Beef Wellington,Prosecco,Balances the acidity and spiciness.,Chinese
Eggplant Parmesan,Grenache,Brings out the sweetness of the food.,American
Caesar Salad,Prosecco,Perfect for the sweet and salty combination.,French
Chocolate Tart,Verdelho,Highlights the dish's herbal notes.,Mediterranean
Wild Mushroom Risotto,Riesling,Adds a refreshing contrast.,Indian
Grilled Salmon,Malbec,Harmonizes beautifully with the smoky undertones.,Spanish
Duck Breast,Chianti,Enhances the savory elements of the dish.,Thai
Roasted Chicken,Grenache,"Complements the rich, creamy texture.",Spanish
Grilled Salmon,Riesling,"Complements the rich, creamy texture.",American
BBQ Pork Ribs,Chianti,Perfect for the sweet and salty combination.,Italian
Grilled Steak,Zinfandel,Highlights the dish's herbal notes.,Indian
Spinach and Ricotta Ravioli,Champagne,Pairs well with the bold flavors.,Japanese
Roasted Chicken,Syrah,Enhances the savory elements of the dish.,Spanish
Eggplant Parmesan,Tempranillo,Enhances the savory elements of the dish.,Japanese
Duck Breast,Grenache,Brings out the sweetness of the food.,French
Tuna Tartare,Grenache,Pairs well with the bold flavors.,Mexican
Seafood Risotto,Shiraz,Enhances the savory elements of the dish.,Mediterranean
Beef Wellington,Albariño,Adds a refreshing contrast.,Mediterranean
Stuffed Bell Peppers,Grenache,Harmonizes beautifully with the smoky undertones.,Chinese
Caesar Salad,Port,Cuts through the richness.,Indian
Grilled Steak,Syrah,Highlights the dish's herbal notes.,Mediterranean
Vegetarian Lasagna,Albariño,Perfect for the sweet and salty combination.,Chinese
Shrimp Scampi,Chardonnay,"Complements the rich, creamy texture.",Japanese
Grilled Steak,Moscato,Enhances the savory elements of the dish.,Thai
Shrimp Scampi,Chardonnay,Highlights the dish's herbal notes.,Mexican
Vegetarian Lasagna,Champagne,"Complements the rich, creamy texture.",American
Cheese Platter,Prosecco,Adds a refreshing contrast.,Mediterranean
Roasted Chicken,Zinfandel,Highlights the dish's herbal notes.,French
Seafood Risotto,Rosé,Harmonizes beautifully with the smoky undertones.,French
